team,qs
ASL,318.2333333333333
EINT,83.5
HD,350.0875
PC,150.5625
SLR,127.32745098039216
SWE,545.8333333333333
