team,qs
ASL,318.2333333333333
EINT,83.5
HD,350.0875
PC,129.5
SLR,127.32745098039216
SWE,443.5
